{
  "Cyst": {
    "precision": 0.8923327895595432,
    "recall": 0.9820466786355476,
    "f1-score": 0.935042735042735,
    "support": 557.0
  },
  "Normal": {
    "precision": 0.9364461738002594,
    "recall": 0.94750656167979,
    "f1-score": 0.9419439008480104,
    "support": 762.0
  },
  "Stone": {
    "precision": 0.9084507042253521,
    "recall": 0.6231884057971014,
    "f1-score": 0.7392550143266475,
    "support": 207.0
  },
  "Tumor": {
    "precision": 0.9067055393586005,
    "recall": 0.9067055393586005,
    "f1-score": 0.9067055393586005,
    "support": 343.0
  },
  "accuracy": 0.9143927233814875,
  "macro avg": {
    "precision": 0.9109838017359388,
    "recall": 0.86486179636776,
    "f1-score": 0.8807367973939983,
    "support": 1869.0
  },
  "weighted avg": {
    "precision": 0.9147408475094227,
    "recall": 0.9143927233814875,
    "f1-score": 0.9109715590318905,
    "support": 1869.0
  }
}