{
  "Cyst": {
    "precision": 0.9234875444839857,
    "recall": 0.9317773788150808,
    "f1-score": 0.9276139410187667,
    "support": 557.0
  },
  "Normal": {
    "precision": 0.9411764705882353,
    "recall": 0.9238845144356955,
    "f1-score": 0.9324503311258279,
    "support": 762.0
  },
  "Stone": {
    "precision": 0.7272727272727273,
    "recall": 0.8115942028985508,
    "f1-score": 0.7671232876712328,
    "support": 207.0
  },
  "Tumor": {
    "precision": 0.9024390243902439,
    "recall": 0.8629737609329446,
    "f1-score": 0.8822652757078987,
    "support": 343.0
  },
  "accuracy": 0.9026217228464419,
  "macro avg": {
    "precision": 0.8735939416837981,
    "recall": 0.882557464270568,
    "f1-score": 0.8773632088809316,
    "support": 1869.0
  },
  "weighted avg": {
    "precision": 0.9051049078529286,
    "recall": 0.9026217228464419,
    "f1-score": 0.9034882972611495,
    "support": 1869.0
  }
}