{
  "Cyst": {
    "precision": 0.880064829821718,
    "recall": 0.9748653500897666,
    "f1-score": 0.9250425894378195,
    "support": 557.0
  },
  "Normal": {
    "precision": 0.8962148962148963,
    "recall": 0.963254593175853,
    "f1-score": 0.9285262492093611,
    "support": 762.0
  },
  "Stone": {
    "precision": 0.9166666666666666,
    "recall": 0.5845410628019324,
    "f1-score": 0.7138643067846607,
    "support": 207.0
  },
  "Tumor": {
    "precision": 0.9269102990033222,
    "recall": 0.8134110787172012,
    "f1-score": 0.8664596273291926,
    "support": 343.0
  },
  "accuracy": 0.8972712680577849,
  "macro avg": {
    "precision": 0.9049641729266507,
    "recall": 0.8340180211961883,
    "f1-score": 0.8584731931902585,
    "support": 1869.0
  },
  "weighted avg": {
    "precision": 0.8993002106391585,
    "recall": 0.8972712680577849,
    "f1-score": 0.8923227864594631,
    "support": 1869.0
  }
}